year,state_name,rps_ever_adopter,rps_implementation_year,cap_WS_mw,gen_WS_gwh,rps_D
1990,Alabama,0,0,0,0,0
1991,Alabama,0,0,0,0,0
1992,Alabama,0,0,0,0,0
1993,Alabama,0,0,0,0,0
1994,Alabama,0,0,0,0,0
1995,Alabama,0,0,0,0,0
1996,Alabama,0,0,0,0,0
1997,Alabama,0,0,0,0,0
1998,Alabama,0,0,0,0,0
1999,Alabama,0,0,0,0,0
2000,Alabama,0,0,0,0,0
2001,Alabama,0,0,0,0,0
2002,Alabama,0,0,0,0,0
2003,Alabama,0,0,0,0,0
2004,Alabama,0,0,0,0,0
2005,Alabama,0,0,0,0,0
2006,Alabama,0,0,0,0,0
2007,Alabama,0,0,0,0,0
2008,Alabama,0,0,0,0,0
2009,Alabama,0,0,0,0,0
2010,Alabama,0,0,0,0,0
2011,Alabama,0,0,0,0,0
2012,Alabama,0,0,0,0,0
2013,Alabama,0,0,0,0,0
2014,Alabama,0,0,0,0,0
2015,Alabama,0,0,0,0,0
2016,Alabama,0,0,75,62.521999,0
2017,Alabama,0,0,182.2,361.37601,0
2018,Alabama,0,0,196.89999,714.50403,0
2019,Alabama,0,0,196.89999,769.87799,0
1990,Arizona,1,2002,.40000001,0,0
1991,Arizona,1,2002,.40000001,0,0
1992,Arizona,1,2002,.40000001,0,0
1993,Arizona,1,2002,.40000001,0,0
1994,Arizona,1,2002,.40000001,0,0
1995,Arizona,1,2002,.40000001,0,0
1996,Arizona,1,2002,.40000001,0,0
1997,Arizona,1,2002,.40000001,0,0
1998,Arizona,1,2002,.5,0,0
1999,Arizona,1,2002,.60000002,0,0
2000,Arizona,1,2002,.60000002,0,0
2001,Arizona,1,2002,4.5,.97799999,0
2002,Arizona,1,2002,7.5,.91799998,1
2003,Arizona,1,2002,7.5999999,.79000002,1
2004,Arizona,1,2002,7.5999999,8.5299997,1
2005,Arizona,1,2002,8.6000004,27.162001,1
2006,Arizona,1,2002,8.6000004,26.268,1
2007,Arizona,1,2002,8.6000004,17.298,1
2008,Arizona,1,2002,9.1999998,29.448,1
2009,Arizona,1,2002,76.199997,87.379997,1
2010,Arizona,1,2002,148.5,301.34,1
2011,Arizona,1,2002,303.90002,677.85559,1
2012,Arizona,1,2002,896,2974.166,1
2013,Arizona,1,2002,1426.2001,5122.4053,1
2014,Arizona,1,2002,1648.7001,7219.2456,1
2015,Arizona,1,2002,1814.1001,7817.2861,1
2016,Arizona,1,2002,2192,8614.8145,1
2017,Arizona,1,2002,2291.1001,11023.87,1
2018,Arizona,1,2002,2367.6001,11341.133,1
2019,Arizona,1,2002,2432.3,11664.786,1
1990,Arkansas,0,0,0,0,0
1991,Arkansas,0,0,0,0,0
1992,Arkansas,0,0,0,0,0
1993,Arkansas,0,0,0,0,0
1994,Arkansas,0,0,0,0,0
1995,Arkansas,0,0,0,0,0
1996,Arkansas,0,0,0,0,0
1997,Arkansas,0,0,0,0,0
1998,Arkansas,0,0,0,0,0
1999,Arkansas,0,0,0,0,0
2000,Arkansas,0,0,0,0,0
2001,Arkansas,0,0,0,0,0
2002,Arkansas,0,0,0,0,0
2003,Arkansas,0,0,0,0,0
2004,Arkansas,0,0,0,0,0
2005,Arkansas,0,0,0,0,0
2006,Arkansas,0,0,0,0,0
2007,Arkansas,0,0,0,0,0
2008,Arkansas,0,0,0,0,0
2009,Arkansas,0,0,0,0,0
2010,Arkansas,0,0,0,0,0
2011,Arkansas,0,0,0,0,0
2012,Arkansas,0,0,0,0,0
2013,Arkansas,0,0,0,0,0
2014,Arkansas,0,0,0,0,0
2015,Arkansas,0,0,12,1.854,0
2016,Arkansas,0,0,13,52.284,0
2017,Arkansas,0,0,19,61.624001,0
2018,Arkansas,0,0,100,406.82599,0
2019,Arkansas,0,0,112.2,420.66599,0
1990,California,1,2003,1205,6251.0981,0
1991,California,1,2003,1281.9,6771.7319,0
1992,California,1,2003,1288.4,6526.5181,0
1993,California,1,2003,1292.6,6891.436,0
1994,California,1,2003,1395.1,7746.8921,0
1995,California,1,2003,1395.1,7166.644,0
1996,California,1,2003,1395.1,7199.7378,0
1997,California,1,2003,1408.7,7295.668,0
1998,California,1,2003,1408.7,6520.416,0
1999,California,1,2003,1519.9,7449.8979,0
2000,California,1,2003,1521.4,8022.7139,0
2001,California,1,2003,1587,8084.0181,0
2002,California,1,2003,1697.8,8714.0342,0
2003,California,1,2003,1882.4,8858.0742,1
2004,California,1,2003,1963.9,9753.5303,1
2005,California,1,2003,2026,9597.8838,1
2006,California,1,2003,2234.3,10754.746,1
2007,California,1,2003,2304.1001,12283.804,1
2008,California,1,2003,2369.6001,12110.872,1
2009,California,1,2003,2705.9001,12974.406,1
2010,California,1,2003,2869.5,13695.926,1
2011,California,1,2003,3977.3999,17281.332,1
2012,California,1,2003,6359.8003,22273.061,1
2013,California,1,2003,8685.7002,33271.57,1
2014,California,1,2003,11372.3,45848.625,1
2015,California,1,2003,12871.7,54087.887,1
2016,California,1,2003,15594.5,64631.504,1
2017,California,1,2003,16678.602,74351.727,1
2018,California,1,2003,17841.1,82018.258,1
2019,California,1,2003,19012.301,84133.164,1
1990,Colorado,1,2005,0,0,0
1991,Colorado,1,2005,0,0,0
1992,Colorado,1,2005,0,0,0
1993,Colorado,1,2005,0,0,0
1994,Colorado,1,2005,0,0,0
1995,Colorado,1,2005,0,0,0
1996,Colorado,1,2005,0,0,0
1997,Colorado,1,2005,0,0,0
1998,Colorado,1,2005,5.1999998,0,0
1999,Colorado,1,2005,21.799999,0,0
2000,Colorado,1,2005,21.799999,0,0
2001,Colorado,1,2005,61.400002,97.279999,0
2002,Colorado,1,2005,61.400002,278.01199,0
2003,Colorado,1,2005,223.39999,294.21799,0
2004,Colorado,1,2005,229.39999,440.28201,0
2005,Colorado,1,2005,229.39999,1552.468,1
2006,Colorado,1,2005,289.39999,1731.072,1
2007,Colorado,1,2005,1075.6,2587.448,1
2008,Colorado,1,2005,1079.2001,6478.394,1
2009,Colorado,1,2005,1259.6,6378.8418,1
2010,Colorado,1,2005,1339.6001,6988.6982,1
2011,Colorado,1,2005,1889.2999,10609.915,1
2012,Colorado,1,2005,2422.5,12268.184,1
2013,Colorado,1,2005,2457.8,14904.345,1
2014,Colorado,1,2005,2720.5,15243.358,1
2015,Colorado,1,2005,3186.3999,15453.3,1
2016,Colorado,1,2005,3447.5,19918.627,1
2017,Colorado,1,2005,3564.1001,20538.322,1
2018,Colorado,1,2005,4234.6001,21615.061,1
2019,Colorado,1,2005,4366.2998,24141.191,1
1990,Connecticut,1,1999,0,0,0
1991,Connecticut,1,1999,0,0,0
1992,Connecticut,1,1999,0,0,0
1993,Connecticut,1,1999,0,0,0
1994,Connecticut,1,1999,0,0,0
1995,Connecticut,1,1999,0,0,0
1996,Connecticut,1,1999,0,0,0
1997,Connecticut,1,1999,0,0,0
1998,Connecticut,1,1999,0,0,0
1999,Connecticut,1,1999,0,0,1
2000,Connecticut,1,1999,0,0,1
2001,Connecticut,1,1999,0,0,1
2002,Connecticut,1,1999,0,0,1
2003,Connecticut,1,1999,0,0,1
2004,Connecticut,1,1999,0,0,1
2005,Connecticut,1,1999,0,0,1
2006,Connecticut,1,1999,0,0,1
2007,Connecticut,1,1999,0,0,1
2008,Connecticut,1,1999,0,0,1
2009,Connecticut,1,1999,0,0,1
2010,Connecticut,1,1999,.1,0,1
2011,Connecticut,1,1999,.1,0,1
2012,Connecticut,1,1999,.89999998,0,1
2013,Connecticut,1,1999,5.9000001,0,1
2014,Connecticut,1,1999,11.9,23.41246,1
2015,Connecticut,1,1999,16.9,34.877998,1
2016,Connecticut,1,1999,31.1,74.519997,1
2017,Connecticut,1,1999,42.200001,105.144,1
2018,Connecticut,1,1999,98.5,235.7,1
2019,Connecticut,1,1999,140.89999,301.336,1
1990,Delaware,1,2006,0,0,0
1991,Delaware,1,2006,0,0,0
1992,Delaware,1,2006,0,0,0
1993,Delaware,1,2006,0,0,0
1994,Delaware,1,2006,0,0,0
1995,Delaware,1,2006,0,0,0
1996,Delaware,1,2006,0,0,0
1997,Delaware,1,2006,0,0,0
1998,Delaware,1,2006,0,0,0
1999,Delaware,1,2006,0,0,0
2000,Delaware,1,2006,0,0,0
2001,Delaware,1,2006,0,0,0
2002,Delaware,1,2006,0,0,0
2003,Delaware,1,2006,0,0,0
2004,Delaware,1,2006,0,0,0
2005,Delaware,1,2006,0,0,0
2006,Delaware,1,2006,0,0,1
2007,Delaware,1,2006,0,0,1
2008,Delaware,1,2006,0,0,1
2009,Delaware,1,2006,0,0,1
2010,Delaware,1,2006,2,5.112,1
2011,Delaware,1,2006,15.8,26.2096,1
2012,Delaware,1,2006,27.6,52.394001,1
2013,Delaware,1,2006,31.6,98.370003,1
2014,Delaware,1,2006,31.6,109.162,1
2015,Delaware,1,2006,32.799999,107.275,1
2016,Delaware,1,2006,32.799999,112.814,1
2017,Delaware,1,2006,34,110.5,1
2018,Delaware,1,2006,36.599998,109.992,1
2019,Delaware,1,2006,38.799999,118.154,1
1990,Florida,0,0,0,0,0
1991,Florida,0,0,0,0,0
1992,Florida,0,0,0,0,0
1993,Florida,0,0,0,0,0
1994,Florida,0,0,0,0,0
1995,Florida,0,0,0,0,0
1996,Florida,0,0,0,0,0
1997,Florida,0,0,0,0,0
1998,Florida,0,0,0,0,0
1999,Florida,0,0,0,0,0
2000,Florida,0,0,0,0,0
2001,Florida,0,0,0,0,0
2002,Florida,0,0,0,0,0
2003,Florida,0,0,0,0,0
2004,Florida,0,0,0,0,0
2005,Florida,0,0,0,0,0
2006,Florida,0,0,0,0,0
2007,Florida,0,0,0,0,0
2008,Florida,0,0,0,0,0
2009,Florida,0,0,25,18.940001,0
2010,Florida,0,0,51.200001,160.88,0
2011,Florida,0,0,70.599998,251.452,0
2012,Florida,0,0,75.099998,387.23199,0
2013,Florida,0,0,75.099998,419.80399,0
2014,Florida,0,0,75.099998,483.36838,0
2015,Florida,0,0,85.599998,447.866,0
2016,Florida,0,0,333.20001,447.966,0
2017,Florida,0,0,525.29999,1752.854,0
2018,Florida,0,0,1404.2,4824.126,0
2019,Florida,0,0,2145,7802.8901,0
1990,Georgia,0,0,0,0,0
1991,Georgia,0,0,0,0,0
1992,Georgia,0,0,0,0,0
1993,Georgia,0,0,0,0,0
1994,Georgia,0,0,0,0,0
1995,Georgia,0,0,0,0,0
1996,Georgia,0,0,0,0,0
1997,Georgia,0,0,0,0,0
1998,Georgia,0,0,0,0,0
1999,Georgia,0,0,0,0,0
2000,Georgia,0,0,0,0,0
2001,Georgia,0,0,0,0,0
2002,Georgia,0,0,0,0,0
2003,Georgia,0,0,0,0,0
2004,Georgia,0,0,0,0,0
2005,Georgia,0,0,0,0,0
2006,Georgia,0,0,0,0,0
2007,Georgia,0,0,0,0,0
2008,Georgia,0,0,0,0,0
2009,Georgia,0,0,0,0,0
2010,Georgia,0,0,0,0,0
2011,Georgia,0,0,1,0,0
2012,Georgia,0,0,4.1999998,5.842,0
2013,Georgia,0,0,63.099998,28.9946,0
2014,Georgia,0,0,75.199997,238.45331,0
2015,Georgia,0,0,250.60001,258.90399,0
2016,Georgia,0,0,986.40002,1761.8459,0
2017,Georgia,0,0,993.40002,3972.5439,0
2018,Georgia,0,0,1035,3991.6741,0
2019,Georgia,0,0,1525.1,4321.54,0
1990,Idaho,0,0,0,0,0
1991,Idaho,0,0,0,0,0
1992,Idaho,0,0,0,0,0
1993,Idaho,0,0,0,0,0
1994,Idaho,0,0,0,0,0
1995,Idaho,0,0,0,0,0
1996,Idaho,0,0,0,0,0
1997,Idaho,0,0,0,0,0
1998,Idaho,0,0,0,0,0
1999,Idaho,0,0,0,0,0
2000,Idaho,0,0,0,0,0
2001,Idaho,0,0,0,0,0
2002,Idaho,0,0,0,0,0
2003,Idaho,0,0,0,0,0
2004,Idaho,0,0,0,0,0
2005,Idaho,0,0,10.5,0,0
2006,Idaho,0,0,75,339.23401,0
2007,Idaho,0,0,75,344.534,0
2008,Idaho,0,0,117,414.944,0
2009,Idaho,0,0,146.39999,626.836,0
2010,Idaho,0,0,352.20001,881.492,0
2011,Idaho,0,0,619.09998,2613.364,0
2012,Idaho,0,0,974.40002,3781.1179,0
2013,Idaho,0,0,974.40002,4920.2622,0
2014,Idaho,0,0,974.40002,5611.6001,0
2015,Idaho,0,0,974.40002,4540.3721,0
2016,Idaho,0,0,1094.4,5216.4321,0
2017,Idaho,0,0,1214.4,6008.04,0
2018,Idaho,0,0,1214.4,6422.0322,0
2019,Idaho,0,0,1216.4,6215.2998,0
1990,Illinois,1,2008,0,0,0
1991,Illinois,1,2008,0,0,0
1992,Illinois,1,2008,0,0,0
1993,Illinois,1,2008,0,0,0
1994,Illinois,1,2008,0,0,0
1995,Illinois,1,2008,0,0,0
1996,Illinois,1,2008,0,0,0
1997,Illinois,1,2008,0,0,0
1998,Illinois,1,2008,0,0,0
1999,Illinois,1,2008,0,0,0
2000,Illinois,1,2008,0,0,0
2001,Illinois,1,2008,0,0,0
2002,Illinois,1,2008,0,0,0
2003,Illinois,1,2008,76.199997,36.048,0
2004,Illinois,1,2008,76.199997,156.146,0
2005,Illinois,1,2008,130.89999,282.29199,0
2006,Illinois,1,2008,130.89999,509.142,0
2007,Illinois,1,2008,770.29999,1328.854,0
2008,Illinois,1,2008,941.29999,4673.9922,1
2009,Illinois,1,2008,1584.8,5639.0962,1
2010,Illinois,1,2008,2084.8,8935.5576,1
2011,Illinois,1,2008,2777.1001,12454.388,1
2012,Illinois,1,2008,3608.9001,15514.932,1
2013,Illinois,1,2008,3608.9001,19354.697,1
2014,Illinois,1,2008,3609.2,20266.021,1
2015,Illinois,1,2008,3888.1001,21593.26,1
2016,Illinois,1,2008,4073.1001,21424.488,1
2017,Illinois,1,2008,4353.2998,24639.826,1
2018,Illinois,1,2008,4684.2998,23930.068,1
2019,Illinois,1,2008,5272.2998,29043.117,1
1990,Indiana,0,0,0,0,0
1991,Indiana,0,0,0,0,0
1992,Indiana,0,0,0,0,0
1993,Indiana,0,0,0,0,0
1994,Indiana,0,0,0,0,0
1995,Indiana,0,0,0,0,0
1996,Indiana,0,0,0,0,0
1997,Indiana,0,0,0,0,0
1998,Indiana,0,0,0,0,0
1999,Indiana,0,0,0,0,0
2000,Indiana,0,0,0,0,0
2001,Indiana,0,0,0,0,0
2002,Indiana,0,0,0,0,0
2003,Indiana,0,0,0,0,0
2004,Indiana,0,0,0,0,0
2005,Indiana,0,0,0,0,0
2006,Indiana,0,0,0,0,0
2007,Indiana,0,0,0,0,0
2008,Indiana,0,0,130.5,476.71201,0
2009,Indiana,0,0,1036.5,2806.384,0
2010,Indiana,0,0,1339.7,5868.085,0
2011,Indiana,0,0,1341.7,6570.8218,0
2012,Indiana,0,0,1549.2,6420.5498,0
2013,Indiana,0,0,1591.8999,7023.2661,0
2014,Indiana,0,0,1833.7,7196.3374,0
2015,Indiana,0,0,1868.1,9342.4902,0
2016,Indiana,0,0,2051.8,10250.63,0
2017,Indiana,0,0,2307.7,10734.13,0
2018,Indiana,0,0,2527.6001,11455.74,0
2019,Indiana,0,0,2554.9001,13077.262,0
1990,Iowa,1,1992,0,0,0
1991,Iowa,1,1992,0,0,0
1992,Iowa,1,1992,0,0,1
1993,Iowa,1,1992,0,0,1
1994,Iowa,1,1992,0,.106,1
1995,Iowa,1,1992,0,.234,1
1996,Iowa,1,1992,0,.21600001,1
1997,Iowa,1,1992,0,.236,1
1998,Iowa,1,1992,1.8,.178,1
1999,Iowa,1,1992,237.89999,652.70801,1
2000,Iowa,1,1992,240.2,987.64001,1
2001,Iowa,1,1992,321.10001,975.72803,1
2002,Iowa,1,1992,419.10001,1837.67,1
2003,Iowa,1,1992,464.60001,1963.9399,1
2004,Iowa,1,1992,625.09998,2099.9041,1
2005,Iowa,1,1992,791.09998,3294.2681,1
2006,Iowa,1,1992,896.09998,4635.6421,1
2007,Iowa,1,1992,1181,5513.3521,1
2008,Iowa,1,1992,2696.1001,8167.5742,1
2009,Iowa,1,1992,3694.3,14841.04,1
2010,Iowa,1,1992,3700.3,18340.674,1
2011,Iowa,1,1992,4442.2998,21418.354,1
2012,Iowa,1,1992,5140.2002,28064.984,1
2013,Iowa,1,1992,5184.7998,31136.813,1
2014,Iowa,1,1992,5696.2002,32613.51,1
2015,Iowa,1,1992,6326.7998,35745.266,1
2016,Iowa,1,1992,6938.3003,40144.301,1
2017,Iowa,1,1992,7142.8003,42755.18,1
2018,Iowa,1,1992,8427.2002,42691.023,1
2019,Iowa,1,1992,9920.0996,52640.852,1
1990,Kansas,1,2010,0,.090000004,0
1991,Kansas,1,2010,0,.083999999,0
1992,Kansas,1,2010,0,.226,0
1993,Kansas,1,2010,0,.116,0
1994,Kansas,1,2010,0,.11,0
1995,Kansas,1,2010,0,.052000001,0
1996,Kansas,1,2010,0,0,0
1997,Kansas,1,2010,0,0,0
1998,Kansas,1,2010,0,0,0
1999,Kansas,1,2010,1.4,0,0
2000,Kansas,1,2010,1.4,0,0
2001,Kansas,1,2010,113.4,79.664001,0
2002,Kansas,1,2010,113.4,933.35797,0
2003,Kansas,1,2010,113.4,731.87799,0
2004,Kansas,1,2010,113.4,717.26398,0
2005,Kansas,1,2010,263.39999,851.646,0
2006,Kansas,1,2010,363.89999,1983.78,0
2007,Kansas,1,2010,363.89999,2305.0759,0
2008,Kansas,1,2010,814.20001,3518.824,0
2009,Kansas,1,2010,1011.5,5726.5342,0
2010,Kansas,1,2010,1072,6810.1299,1
2011,Kansas,1,2010,1272,7439.958,1
2012,Kansas,1,2010,2718.8,10390.612,1
2013,Kansas,1,2010,2972.6001,18866.393,1
2014,Kansas,1,2010,2972.6001,21689.723,1
2015,Kansas,1,2010,3578.6001,22000.613,1
2016,Kansas,1,2010,4474.5,28225.967,1
2017,Kansas,1,2010,5136.2998,37206.703,1
2018,Kansas,1,2010,5379.7998,37830.457,1
2019,Kansas,1,2010,6160,42269.727,1
1990,Kentucky,0,0,0,0,0
1991,Kentucky,0,0,0,0,0
1992,Kentucky,0,0,0,0,0
1993,Kentucky,0,0,0,0,0
1994,Kentucky,0,0,0,0,0
1995,Kentucky,0,0,0,0,0
1996,Kentucky,0,0,0,0,0
1997,Kentucky,0,0,0,0,0
1998,Kentucky,0,0,0,0,0
1999,Kentucky,0,0,0,0,0
2000,Kentucky,0,0,0,0,0
2001,Kentucky,0,0,0,0,0
2002,Kentucky,0,0,0,0,0
2003,Kentucky,0,0,0,0,0
2004,Kentucky,0,0,0,0,0
2005,Kentucky,0,0,0,0,0
2006,Kentucky,0,0,0,0,0
2007,Kentucky,0,0,0,0,0
2008,Kentucky,0,0,0,0,0
2009,Kentucky,0,0,0,0,0
2010,Kentucky,0,0,0,0,0
2011,Kentucky,0,0,0,0,0
2012,Kentucky,0,0,0,0,0
2013,Kentucky,0,0,0,0,0
2014,Kentucky,0,0,0,0,0
2015,Kentucky,0,0,0,0,0
2016,Kentucky,0,0,10,23.464001,0
2017,Kentucky,0,0,26.299999,39.77,0
2018,Kentucky,0,0,26.299999,78.872002,0
2019,Kentucky,0,0,26.299999,89.998001,0
1990,Louisiana,0,0,0,0,0
1991,Louisiana,0,0,0,0,0
1992,Louisiana,0,0,0,0,0
1993,Louisiana,0,0,0,0,0
1994,Louisiana,0,0,0,0,0
1995,Louisiana,0,0,0,0,0
1996,Louisiana,0,0,0,0,0
1997,Louisiana,0,0,0,0,0
1998,Louisiana,0,0,0,0,0
1999,Louisiana,0,0,0,0,0
2000,Louisiana,0,0,0,0,0
2001,Louisiana,0,0,0,0,0
2002,Louisiana,0,0,0,0,0
2003,Louisiana,0,0,0,0,0
2004,Louisiana,0,0,0,0,0
2005,Louisiana,0,0,0,0,0
2006,Louisiana,0,0,0,0,0
2007,Louisiana,0,0,0,0,0
2008,Louisiana,0,0,0,0,0
2009,Louisiana,0,0,0,0,0
2010,Louisiana,0,0,0,0,0
2011,Louisiana,0,0,0,0,0
2012,Louisiana,0,0,0,0,0
2013,Louisiana,0,0,0,0,0
2014,Louisiana,0,0,0,0,0
2015,Louisiana,0,0,0,0,0
2016,Louisiana,0,0,1.1,0,0
2017,Louisiana,0,0,1.1,4.8460002,0
2018,Louisiana,0,0,1.1,3.036,0
2019,Louisiana,0,0,1.1,3.0120001,0
1990,Maine,1,2000,0,0,0
1991,Maine,1,2000,0,0,0
1992,Maine,1,2000,0,0,0
1993,Maine,1,2000,0,0,0
1994,Maine,1,2000,0,0,0
1995,Maine,1,2000,0,0,0
1996,Maine,1,2000,0,0,0
1997,Maine,1,2000,0,0,0
1998,Maine,1,2000,0,0,0
1999,Maine,1,2000,0,0,0
2000,Maine,1,2000,0,0,1
2001,Maine,1,2000,0,0,1
2002,Maine,1,2000,0,0,1
2003,Maine,1,2000,0,0,1
2004,Maine,1,2000,0,0,1
2005,Maine,1,2000,0,0,1
2006,Maine,1,2000,0,0,1
2007,Maine,1,2000,42,198.142,1
2008,Maine,1,2000,46.5,263.242,1
2009,Maine,1,2000,174,597.24597,1
2010,Maine,1,2000,265.5,998.396,1
2011,Maine,1,2000,345.5,1413.2791,1
2012,Maine,1,2000,430.60001,1773.8361,1
2013,Maine,1,2000,430.60001,2095.3403,1
2014,Maine,1,2000,439.10001,2194.658,1
2015,Maine,1,2000,612.79999,2591.416,1
2016,Maine,1,2000,901.79999,3334.2061,1
2017,Maine,1,2000,930.19995,4676.5781,1
2018,Maine,1,2000,930.19995,4792.6538,1
2019,Maine,1,2000,930.19995,5001.9639,1
1990,Maryland,1,2005,0,0,0
1991,Maryland,1,2005,0,0,0
1992,Maryland,1,2005,0,0,0
1993,Maryland,1,2005,0,0,0
1994,Maryland,1,2005,0,0,0
1995,Maryland,1,2005,0,0,0
1996,Maryland,1,2005,0,0,0
1997,Maryland,1,2005,0,0,0
1998,Maryland,1,2005,0,0,0
1999,Maryland,1,2005,0,0,0
2000,Maryland,1,2005,0,0,0
2001,Maryland,1,2005,0,0,0
2002,Maryland,1,2005,0,0,0
2003,Maryland,1,2005,0,0,0
2004,Maryland,1,2005,0,0,0
2005,Maryland,1,2005,0,0,1
2006,Maryland,1,2005,0,0,1
2007,Maryland,1,2005,0,0,1
2008,Maryland,1,2005,0,0,1
2009,Maryland,1,2005,0,0,1
2010,Maryland,1,2005,71.400002,3.148,1
2011,Maryland,1,2005,127.6,546.83801,1
2012,Maryland,1,2005,151.60001,688.32001,1
2013,Maryland,1,2005,186.7,770.31079,1
2014,Maryland,1,2005,231.39999,843.46014,1
2015,Maryland,1,2005,306.89999,1106.793,1
2016,Maryland,1,2005,371.60001,1471.542,1
2017,Maryland,1,2005,376.60001,1656.8781,1
2018,Maryland,1,2005,480.89999,1933.408,1
2019,Maryland,1,2005,512.5,2029.161,1
1990,Massachusetts,1,2003,.30000001,0,0
1991,Massachusetts,1,2003,.30000001,0,0
1992,Massachusetts,1,2003,.30000001,0,0
1993,Massachusetts,1,2003,.30000001,0,0
1994,Massachusetts,1,2003,.30000001,0,0
1995,Massachusetts,1,2003,.30000001,0,0
1996,Massachusetts,1,2003,.30000001,0,0
1997,Massachusetts,1,2003,.30000001,0,0
1998,Massachusetts,1,2003,.30000001,0,0
1999,Massachusetts,1,2003,.30000001,0,0
2000,Massachusetts,1,2003,.30000001,0,0
2001,Massachusetts,1,2003,.30000001,0,0
2002,Massachusetts,1,2003,.30000001,0,0
2003,Massachusetts,1,2003,.30000001,0,1
2004,Massachusetts,1,2003,0,0,1
2005,Massachusetts,1,2003,0,0,1
2006,Massachusetts,1,2003,1.8,0,1
2007,Massachusetts,1,2003,3.3,0,1
2008,Massachusetts,1,2003,3.3999999,7.5040002,1
2009,Massachusetts,1,2003,6.0999999,11.998,1
2010,Massachusetts,1,2003,14.6,45.991001,1
2011,Massachusetts,1,2003,48.5,132.29852,1
2012,Massachusetts,1,2003,137.79999,238.57401,1
2013,Massachusetts,1,2003,252.29999,622.70917,1
2014,Massachusetts,1,2003,408.39999,1062.5848,1
2015,Massachusetts,1,2003,469.60001,1332.064,1
2016,Massachusetts,1,2003,601.40002,1650.807,1
2017,Massachusetts,1,2003,790,2042.194,1
2018,Massachusetts,1,2003,875.20001,2398.5879,1
2019,Massachusetts,1,2003,968.29999,2749.186,1
1990,Michigan,1,2009,0,0,0
1991,Michigan,1,2009,0,0,0
1992,Michigan,1,2009,0,0,0
1993,Michigan,1,2009,0,0,0
1994,Michigan,1,2009,0,0,0
1995,Michigan,1,2009,0,0,0
1996,Michigan,1,2009,0,0,0
1997,Michigan,1,2009,0,0,0
1998,Michigan,1,2009,0,0,0
1999,Michigan,1,2009,0,0,0
2000,Michigan,1,2009,0,0,0
2001,Michigan,1,2009,1.8,.56,0
2002,Michigan,1,2009,1.8,.65799999,0
2003,Michigan,1,2009,1.8,5.3200002,0
2004,Michigan,1,2009,1.8,3.75,0
2005,Michigan,1,2009,1.8,3.6960001,0
2006,Michigan,1,2009,1.8,4.4239998,0
2007,Michigan,1,2009,1.8,5.4460001,0
2008,Michigan,1,2009,123.6,282.36401,0
2009,Michigan,1,2009,183.60001,600.34399,1
2010,Michigan,1,2009,183.60001,720.67999,1
2011,Michigan,1,2009,375.60001,912.948,1
2012,Michigan,1,2009,986.20001,2263.376,1
2013,Michigan,1,2009,1161.3,5599.248,1
2014,Michigan,1,2009,1529.5,7736.2354,1
2015,Michigan,1,2009,1532.3,9596.1758,1
2016,Michigan,1,2009,1622.4,9410.0361,1
2017,Michigan,1,2009,1932.9,10509.154,1
2018,Michigan,1,2009,2003.2001,11150.81,1
2019,Michigan,1,2009,2290.2002,11937.332,1
1990,Minnesota,1,2008,0,.53200001,0
1991,Minnesota,1,2008,0,.47400001,0
1992,Minnesota,1,2008,0,.28999999,0
1993,Minnesota,1,2008,0,.37,0
1994,Minnesota,1,2008,21.9,79.045998,0
1995,Minnesota,1,2008,21.9,113.994,0
1996,Minnesota,1,2008,21.9,99.875999,0
1997,Minnesota,1,2008,21.9,107.908,0
1998,Minnesota,1,2008,129.10001,293.70401,0
1999,Minnesota,1,2008,264.20001,971.38397,0
2000,Minnesota,1,2008,268,1449.048,0
2001,Minnesota,1,2008,300.39999,1794.036,0
2002,Minnesota,1,2008,339.79999,1811.678,0
2003,Minnesota,1,2008,537.79999,1955.52,0
2004,Minnesota,1,2008,575.59998,1624.7419,0
2005,Minnesota,1,2008,681.20001,3164.9541,0
2006,Minnesota,1,2008,827.20001,4109.894,0
2007,Minnesota,1,2008,1153.4,5277.624,0
2008,Minnesota,1,2008,1630.4,8709.2402,1
2009,Minnesota,1,2008,1784.4,10106.044,1
2010,Minnesota,1,2008,2158.7,9583.4463,1
2011,Minnesota,1,2008,2727.1001,13451.391,1
2012,Minnesota,1,2008,2993.1001,16352.434,1
2013,Minnesota,1,2008,2994.8,16522.914,1
2014,Minnesota,1,2008,3046.5999,19387.344,1
2015,Minnesota,1,2008,3248.8999,19563.268,1
2016,Minnesota,1,2008,3792.0999,19887.188,1
2017,Minnesota,1,2008,4224.3999,23466.793,1
2018,Minnesota,1,2008,4502.5,23511.342,1
2019,Minnesota,1,2008,4760.8003,24427.404,1
1990,Mississippi,0,0,0,0,0
1991,Mississippi,0,0,0,0,0
1992,Mississippi,0,0,0,0,0
1993,Mississippi,0,0,0,0,0
1994,Mississippi,0,0,0,0,0
1995,Mississippi,0,0,0,0,0
1996,Mississippi,0,0,0,0,0
1997,Mississippi,0,0,0,0,0
1998,Mississippi,0,0,0,0,0
1999,Mississippi,0,0,0,0,0
2000,Mississippi,0,0,0,0,0
2001,Mississippi,0,0,0,0,0
2002,Mississippi,0,0,0,0,0
2003,Mississippi,0,0,0,0,0
2004,Mississippi,0,0,0,0,0
2005,Mississippi,0,0,0,0,0
2006,Mississippi,0,0,0,0,0
2007,Mississippi,0,0,0,0,0
2008,Mississippi,0,0,0,0,0
2009,Mississippi,0,0,0,0,0
2010,Mississippi,0,0,0,0,0
2011,Mississippi,0,0,0,0,0
2012,Mississippi,0,0,0,0,0
2013,Mississippi,0,0,0,0,0
2014,Mississippi,0,0,0,0,0
2015,Mississippi,0,0,0,0,0
2016,Mississippi,0,0,3.0999999,0,0
2017,Mississippi,0,0,160.60001,171.84599,0
2018,Mississippi,0,0,160.60001,651.70599,0
2019,Mississippi,0,0,218.10001,644.67999,0
1990,Missouri,1,2009,0,0,0
1991,Missouri,1,2009,0,0,0
1992,Missouri,1,2009,0,0,0
1993,Missouri,1,2009,0,0,0
1994,Missouri,1,2009,0,0,0
1995,Missouri,1,2009,0,0,0
1996,Missouri,1,2009,0,0,0
1997,Missouri,1,2009,0,0,0
1998,Missouri,1,2009,0,0,0
1999,Missouri,1,2009,0,0,0
2000,Missouri,1,2009,0,0,0
2001,Missouri,1,2009,0,0,0
2002,Missouri,1,2009,0,0,0
2003,Missouri,1,2009,0,0,0
2004,Missouri,1,2009,0,0,0
2005,Missouri,1,2009,0,0,0
2006,Missouri,1,2009,0,0,0
2007,Missouri,1,2009,56.700001,0,0
2008,Missouri,1,2009,162.5,406.62601,0
2009,Missouri,1,2009,308.5,998.75403,1
2010,Missouri,1,2009,458.5,1850.98,1
2011,Missouri,1,2009,458.5,2356.4241,1
2012,Missouri,1,2009,458.5,2489.5559,1
2013,Missouri,1,2009,458.5,2333.7241,1
2014,Missouri,1,2009,470.70001,2279.624,1
2015,Missouri,1,2009,477.29999,2099.948,1
2016,Missouri,1,2009,689.60004,2309.134,1
2017,Missouri,1,2009,1008,4177.0122,1
2018,Missouri,1,2009,1021.5,5851.8159,1
2019,Missouri,1,2009,1021.5,5915.3442,1
1990,Montana,1,2006,0,0,0
1991,Montana,1,2006,0,0,0
1992,Montana,1,2006,0,.1,0
1993,Montana,1,2006,0,0,0
1994,Montana,1,2006,0,0,0
1995,Montana,1,2006,0,0,0
1996,Montana,1,2006,0,0,0
1997,Montana,1,2006,0,0,0
1998,Montana,1,2006,0,0,0
1999,Montana,1,2006,0,0,0
2000,Montana,1,2006,0,0,0
2001,Montana,1,2006,0,0,0
2002,Montana,1,2006,0,0,0
2003,Montana,1,2006,0,0,0
2004,Montana,1,2006,0,0,0
2005,Montana,1,2006,135,0,0
2006,Montana,1,2006,144,871.94,1
2007,Montana,1,2006,174,991.552,1
2008,Montana,1,2006,280.5,1186.276,1
2009,Montana,1,2006,384,1641.848,1
2010,Montana,1,2006,384,1860.4659,1
2011,Montana,1,2006,384,2530.3352,1
2012,Montana,1,2006,642.59998,2523.502,1
2013,Montana,1,2006,642.59998,3509.2891,1
2014,Montana,1,2006,662.29999,3947.5881,1
2015,Montana,1,2006,662.29999,3929.4519,1
2016,Montana,1,2006,687.29999,4280.3818,1
2017,Montana,1,2006,704.29999,4336.9121,1
2018,Montana,1,2006,817.09998,4374.8081,1
2019,Montana,1,2006,817.09998,4805.498,1
1990,Nebraska,0,0,0,0,0
1991,Nebraska,0,0,0,0,0
1992,Nebraska,0,0,0,0,0
1993,Nebraska,0,0,0,0,0
1994,Nebraska,0,0,0,0,0
1995,Nebraska,0,0,0,0,0
1996,Nebraska,0,0,0,0,0
1997,Nebraska,0,0,0,0,0
1998,Nebraska,0,0,2,0,0
1999,Nebraska,0,0,2.5999999,0,0
2000,Nebraska,0,0,2.5999999,0,0
2001,Nebraska,0,0,2.5999999,5.2600002,0
2002,Nebraska,0,0,13.1,16.156,0
2003,Nebraska,0,0,13.1,76.442001,0
2004,Nebraska,0,0,13.1,76.862,0
2005,Nebraska,0,0,72.5,193.216,0
2006,Nebraska,0,0,72.5,522.49402,0
2007,Nebraska,0,0,72.5,433.53,0
2008,Nebraska,0,0,71.099998,428.36801,0
2009,Nebraska,0,0,152.10001,765.26801,0
2010,Nebraska,0,0,212.10001,843.28998,0
2011,Nebraska,0,0,335.5,2101.77,0
2012,Nebraska,0,0,455.39999,2567.2581,0
2013,Nebraska,0,0,530.20001,3603.5198,0
2014,Nebraska,0,0,811.70001,5473.8784,0
2015,Nebraska,0,0,891.90002,6360.9258,0
2016,Nebraska,0,0,1335.7001,7604.7358,0
2017,Nebraska,0,0,1484.2,10198.684,0
2018,Nebraska,0,0,1717.9,11152.436,0
2019,Nebraska,0,0,2205,14485.596,0
1990,Nevada,1,1998,0,0,0
1991,Nevada,1,1998,0,0,0
1992,Nevada,1,1998,0,0,0
1993,Nevada,1,1998,0,0,0
1994,Nevada,1,1998,0,0,0
1995,Nevada,1,1998,0,0,0
1996,Nevada,1,1998,0,0,0
1997,Nevada,1,1998,0,0,0
1998,Nevada,1,1998,0,0,1
1999,Nevada,1,1998,0,0,1
2000,Nevada,1,1998,0,0,1
2001,Nevada,1,1998,0,0,1
2002,Nevada,1,1998,0,0,1
2003,Nevada,1,1998,0,0,1
2004,Nevada,1,1998,0,0,1
2005,Nevada,1,1998,0,0,1
2006,Nevada,1,1998,0,0,1
2007,Nevada,1,1998,90.699997,87.933998,1
2008,Nevada,1,1998,100.7,312.026,1
2009,Nevada,1,1998,100.7,348.61801,1
2010,Nevada,1,1998,148.7,433.83401,1
2011,Nevada,1,1998,148.7,582.44897,1
2012,Nevada,1,1998,486.70001,1204.41,1
2013,Nevada,1,1998,520.20001,1991.8621,1
2014,Nevada,1,1998,767.70001,2627.6321,1
2015,Nevada,1,1998,1129.1,3934.2581,1
2016,Nevada,1,1998,1758.6,6935.8501,1
2017,Nevada,1,1998,2063.2,9014.4619,1
2018,Nevada,1,1998,2086.3,10062.486,1
2019,Nevada,1,1998,2507.1001,10279.82,1
1990,New Hampshire,1,2008,0,0,0
1991,New Hampshire,1,2008,0,0,0
1992,New Hampshire,1,2008,0,0,0
1993,New Hampshire,1,2008,0,0,0
1994,New Hampshire,1,2008,0,0,0
1995,New Hampshire,1,2008,0,0,0
1996,New Hampshire,1,2008,0,0,0
1997,New Hampshire,1,2008,0,0,0
1998,New Hampshire,1,2008,0,0,0
1999,New Hampshire,1,2008,0,0,0
2000,New Hampshire,1,2008,0,0,0
2001,New Hampshire,1,2008,0,0,0
2002,New Hampshire,1,2008,0,0,0
2003,New Hampshire,1,2008,0,0,0
2004,New Hampshire,1,2008,0,0,0
2005,New Hampshire,1,2008,0,0,0
2006,New Hampshire,1,2008,0,0,0
2007,New Hampshire,1,2008,0,0,0
2008,New Hampshire,1,2008,24,20.638,1
2009,New Hampshire,1,2008,24,124.954,1
2010,New Hampshire,1,2008,24,151.37601,1
2011,New Hampshire,1,2008,24,132.18401,1
2012,New Hampshire,1,2008,171,417.39801,1
2013,New Hampshire,1,2008,171,778.36798,1
2014,New Hampshire,1,2008,171,823.16199,1
2015,New Hampshire,1,2008,171,846.992,1
2016,New Hampshire,1,2008,185.3,864.64801,1
2017,New Hampshire,1,2008,185.3,823.18402,1
2018,New Hampshire,1,2008,185.3,813.31799,1
2019,New Hampshire,1,2008,214.10001,866.81,1
1990,New Jersey,1,2000,0,0,0
1991,New Jersey,1,2000,0,0,0
1992,New Jersey,1,2000,0,0,0
1993,New Jersey,1,2000,0,0,0
1994,New Jersey,1,2000,0,0,0
1995,New Jersey,1,2000,0,0,0
1996,New Jersey,1,2000,0,0,0
1997,New Jersey,1,2000,0,0,0
1998,New Jersey,1,2000,0,0,0
1999,New Jersey,1,2000,0,0,0
2000,New Jersey,1,2000,0,0,1
2001,New Jersey,1,2000,0,0,1
2002,New Jersey,1,2000,0,0,1
2003,New Jersey,1,2000,0,0,1
2004,New Jersey,1,2000,0,0,1
2005,New Jersey,1,2000,.5,0,1
2006,New Jersey,1,2000,8.8999996,31.982,1
2007,New Jersey,1,2000,10.2,40.824001,1
2008,New Jersey,1,2000,12.2,47.108002,1
2009,New Jersey,1,2000,32,63.25,1
2010,New Jersey,1,2000,58.299999,67.473999,1
2011,New Jersey,1,2000,235.10001,158.80122,1
2012,New Jersey,1,2000,332.20001,631.78802,1
2013,New Jersey,1,2000,417.10001,896.57153,1
2014,New Jersey,1,2000,485,1074.2148,1
2015,New Jersey,1,2000,552.79999,1298.858,1
2016,New Jersey,1,2000,660.09998,1711.439,1
2017,New Jersey,1,2000,712.29999,1896.889,1
2018,New Jersey,1,2000,796.40002,2026.032,1
2019,New Jersey,1,2000,866.20001,2373.4341,1
1990,New Mexico,1,2005,0,0,0
1991,New Mexico,1,2005,0,0,0
1992,New Mexico,1,2005,0,0,0
1993,New Mexico,1,2005,0,0,0
1994,New Mexico,1,2005,0,0,0
1995,New Mexico,1,2005,0,0,0
1996,New Mexico,1,2005,0,0,0
1997,New Mexico,1,2005,0,0,0
1998,New Mexico,1,2005,0,0,0
1999,New Mexico,1,2005,.60000002,0,0
2000,New Mexico,1,2005,.60000002,0,0
2001,New Mexico,1,2005,.60000002,0,0
2002,New Mexico,1,2005,.60000002,0,0
2003,New Mexico,1,2005,205.89999,365.47,0
2004,New Mexico,1,2005,265.89999,1026.9301,0
2005,New Mexico,1,2005,405.89999,1589.26,1
2006,New Mexico,1,2005,495.89999,2510.8721,1
2007,New Mexico,1,2005,495.89999,2786.478,1
2008,New Mexico,1,2005,497.39999,3285.574,1
2009,New Mexico,1,2005,597.40002,3093.436,1
2010,New Mexico,1,2005,730.39996,3682.2241,1
2011,New Mexico,1,2005,883,4464.5981,1
2012,New Mexico,1,2005,940.5,5119.1699,1
2013,New Mexico,1,2005,969.90002,5162.9243,1
2014,New Mexico,1,2005,1067.7,5579.6084,1
2015,New Mexico,1,2005,1378.3,5409.7959,1
2016,New Mexico,1,2005,1593.3,8714.5137,1
2017,New Mexico,1,2005,2290.5,11574.424,1
2018,New Mexico,1,2005,2380.3999,14880.254,1
2019,New Mexico,1,2005,2710.6001,16515.975,1
1990,New York,1,2005,0,0,0
1991,New York,1,2005,0,0,0
1992,New York,1,2005,0,0,0
1993,New York,1,2005,0,0,0
1994,New York,1,2005,0,0,0
1995,New York,1,2005,0,0,0
1996,New York,1,2005,0,0,0
1997,New York,1,2005,0,0,0
1998,New York,1,2005,0,0,0
1999,New York,1,2005,0,0,0
2000,New York,1,2005,18.1,20.690001,0
2001,New York,1,2005,48.400002,41.077999,0
2002,New York,1,2005,48.400002,163.252,0
2003,New York,1,2005,48.400002,82.402,0
2004,New York,1,2005,48.400002,232.89999,0
2005,New York,1,2005,185.39999,205.98,1
2006,New York,1,2005,370.39999,1310.7419,1
2007,New York,1,2005,424.89999,1666.952,1
2008,New York,1,2005,706.90002,2501.3999,1
2009,New York,1,2005,1273.9,4532.6782,1
2010,New York,1,2005,1273.9,5192.3081,1
2011,New York,1,2005,1441.2,5669.0239,1
2012,New York,1,2005,1685.2,6088.5801,1
2013,New York,1,2005,1783.2,7213.0303,1
2014,New York,1,2005,1810,8078.0459,1
2015,New York,1,2005,1837,8155.0122,1
2016,New York,1,2005,1951.8,8159.582,1
2017,New York,1,2005,2002,8637.5098,1
2018,New York,1,2005,2290.3,8591.6104,1
2019,New York,1,2005,2476.3,9959.042,1
1990,North Carolina,1,2008,0,0,0
1991,North Carolina,1,2008,0,0,0
1992,North Carolina,1,2008,0,0,0
1993,North Carolina,1,2008,0,0,0
1994,North Carolina,1,2008,0,0,0
1995,North Carolina,1,2008,0,0,0
1996,North Carolina,1,2008,0,0,0
1997,North Carolina,1,2008,0,0,0
1998,North Carolina,1,2008,0,0,0
1999,North Carolina,1,2008,0,0,0
2000,North Carolina,1,2008,0,0,0
2001,North Carolina,1,2008,0,0,0
2002,North Carolina,1,2008,0,0,0
2003,North Carolina,1,2008,0,0,0
2004,North Carolina,1,2008,0,0,0
2005,North Carolina,1,2008,0,0,0
2006,North Carolina,1,2008,0,0,0
2007,North Carolina,1,2008,0,0,0
2008,North Carolina,1,2008,3.2,3.602,1
2009,North Carolina,1,2008,3.2,9.1260004,1
2010,North Carolina,1,2008,10.6,22.68,1
2011,North Carolina,1,2008,35.099998,34.760899,1
2012,North Carolina,1,2008,129.7,278.98199,1
2013,North Carolina,1,2008,349.60001,689.32562,1
2014,North Carolina,1,2008,717.29999,1458.261,1
2015,North Carolina,1,2008,1632.2,2747.158,1
2016,North Carolina,1,2008,2668.3,6854.7222,1
2017,North Carolina,1,2008,3603,11169.722,1
2018,North Carolina,1,2008,4254.7998,13306.3,1
2019,North Carolina,1,2008,4727.6001,15948.954,1
1990,North Dakota,0,0,0,0,0
1991,North Dakota,0,0,0,0,0
1992,North Dakota,0,0,0,0,0
1993,North Dakota,0,0,0,0,0
1994,North Dakota,0,0,0,0,0
1995,North Dakota,0,0,0,0,0
1996,North Dakota,0,0,0,0,0
1997,North Dakota,0,0,0,0,0
1998,North Dakota,0,0,0,0,0
1999,North Dakota,0,0,0,0,0
2000,North Dakota,0,0,0,0,0
2001,North Dakota,0,0,0,0,0
2002,North Dakota,0,0,0,0,0
2003,North Dakota,0,0,64.099998,117.756,0
2004,North Dakota,0,0,64.099998,429.04599,0
2005,North Dakota,0,0,107.5,440.69,0
2006,North Dakota,0,0,176.10001,738.96997,0
2007,North Dakota,0,0,383.10001,1241.5439,0
2008,North Dakota,0,0,800.09998,3386.916,0
2009,North Dakota,0,0,1288.1,5995.0601,0
2010,North Dakota,0,0,1509.2,8191.2822,0
2011,North Dakota,0,0,1509.2,10471.18,0
2012,North Dakota,0,0,1765.2,10549.018,0
2013,North Dakota,0,0,1765.2,11037.916,0
2014,North Dakota,0,0,1765.2,12404.824,0
2015,North Dakota,0,0,2227.7,13011.408,0
2016,North Dakota,0,0,2831.7,16343.844,0
2017,North Dakota,0,0,3081,22718.467,0
2018,North Dakota,0,0,3229,21465.826,0
2019,North Dakota,0,0,3535.7,22426.051,0
1990,Ohio,1,2009,0,0,0
1991,Ohio,1,2009,0,0,0
1992,Ohio,1,2009,0,0,0
1993,Ohio,1,2009,0,0,0
1994,Ohio,1,2009,0,0,0
1995,Ohio,1,2009,0,0,0
1996,Ohio,1,2009,0,0,0
1997,Ohio,1,2009,0,0,0
1998,Ohio,1,2009,0,0,0
1999,Ohio,1,2009,0,0,0
2000,Ohio,1,2009,0,0,0
2001,Ohio,1,2009,0,0,0
2002,Ohio,1,2009,0,0,0
2003,Ohio,1,2009,3.5999999,0,0
2004,Ohio,1,2009,7.1999998,0,0
2005,Ohio,1,2009,7.1999998,26.535999,0
2006,Ohio,1,2009,7.1999998,28.802,0
2007,Ohio,1,2009,7.1999998,29.496,0
2008,Ohio,1,2009,7.1999998,30.167999,0
2009,Ohio,1,2009,7.1999998,28.228001,1
2010,Ohio,1,2009,18.299999,50.848,1
2011,Ohio,1,2009,431.20001,427.87601,1
2012,Ohio,1,2009,449.80002,2044.244,1
2013,Ohio,1,2009,459.5,2384.4204,1
2014,Ohio,1,2009,462.20001,2414.6526,1
2015,Ohio,1,2009,477,2518.1599,1
2016,Ohio,1,2009,584.10004,2621.79,1
2017,Ohio,1,2009,679.70001,3387.4761,1
2018,Ohio,1,2009,807.80005,3738.1541,1
2019,Ohio,1,2009,828.60004,4368.959,1
1990,Oklahoma,0,0,0,0,0
1991,Oklahoma,0,0,0,0,0
1992,Oklahoma,0,0,0,0,0
1993,Oklahoma,0,0,0,0,0
1994,Oklahoma,0,0,0,0,0
1995,Oklahoma,0,0,0,0,0
1996,Oklahoma,0,0,0,0,0
1997,Oklahoma,0,0,0,0,0
1998,Oklahoma,0,0,0,0,0
1999,Oklahoma,0,0,0,0,0
2000,Oklahoma,0,0,0,0,0
2001,Oklahoma,0,0,0,0,0
2002,Oklahoma,0,0,0,0,0
2003,Oklahoma,0,0,176.3,108.94,0
2004,Oklahoma,0,0,176.3,1145.488,0
2005,Oklahoma,0,0,474.29999,1695.546,0
2006,Oklahoma,0,0,594.29999,3424.8821,0
2007,Oklahoma,0,0,688.79999,3698.2881,0
2008,Oklahoma,0,0,830.70001,4716.1602,0
2009,Oklahoma,0,0,1129.8,5396.3979,0
2010,Oklahoma,0,0,1480,7616.166,0
2011,Oklahoma,0,0,1810.8,11210.53,0
2012,Oklahoma,0,0,3132.8999,16315.17,0
2013,Oklahoma,0,0,3132.8999,22324.986,0
2014,Oklahoma,0,0,3779.5,23873.666,0
2015,Oklahoma,0,0,5003.8999,28064.906,0
2016,Oklahoma,0,0,6646.6001,40149.047,0
2017,Oklahoma,0,0,6918.2002,47262.852,0
2018,Oklahoma,0,0,8101.2002,54799.707,0
2019,Oklahoma,0,0,8201.2002,58135.512,0
1990,Oregon,1,2008,0,1.0779999,0
1991,Oregon,1,2008,0,1.0779999,0
1992,Oregon,1,2008,0,1.0779999,0
1993,Oregon,1,2008,0,0,0
1994,Oregon,1,2008,0,0,0
1995,Oregon,1,2008,0,0,0
1996,Oregon,1,2008,0,0,0
1997,Oregon,1,2008,0,0,0
1998,Oregon,1,2008,25,39.046001,0
1999,Oregon,1,2008,25,169.584,0
2000,Oregon,1,2008,25,133.39799,0
2001,Oregon,1,2008,49.599998,177.174,0
2002,Oregon,1,2008,99.300003,752.31799,0
2003,Oregon,1,2008,142.3,887.23401,0
2004,Oregon,1,2008,142.3,1238.024,0
2005,Oregon,1,2008,217.3,1468.548,0
2006,Oregon,1,2008,327.70001,1862.438,0
2007,Oregon,1,2008,774.79999,2493.988,0
2008,Oregon,1,2008,954.29999,5150.4678,1
2009,Oregon,1,2008,1659.6,6939.4282,1
2010,Oregon,1,2008,1994.4,7840.0142,1
2011,Oregon,1,2008,2201,9550.9277,1
2012,Oregon,1,2008,3054.0999,12699.792,1
2013,Oregon,1,2008,3054.0999,14952.39,1
2014,Oregon,1,2008,3057.2998,15158.888,1
2015,Oregon,1,2008,3062.2998,13311.526,1
2016,Oregon,1,2008,3153.2998,14396.128,1
2017,Oregon,1,2008,3327.8999,12841.29,1
2018,Oregon,1,2008,3416.2,16038.276,1
2019,Oregon,1,2008,3704.0999,14490.452,1
1990,Pennsylvania,1,2005,0,0,0
1991,Pennsylvania,1,2005,0,0,0
1992,Pennsylvania,1,2005,0,0,0
1993,Pennsylvania,1,2005,0,0,0
1994,Pennsylvania,1,2005,0,0,0
1995,Pennsylvania,1,2005,0,0,0
1996,Pennsylvania,1,2005,0,0,0
1997,Pennsylvania,1,2005,0,0,0
1998,Pennsylvania,1,2005,0,0,0
1999,Pennsylvania,1,2005,0,0,0
2000,Pennsylvania,1,2005,10.4,19.625999,0
2001,Pennsylvania,1,2005,34.400002,22.35,0
2002,Pennsylvania,1,2005,34.400002,115.536,0
2003,Pennsylvania,1,2005,128.89999,223.04201,0
2004,Pennsylvania,1,2005,128.89999,612.62402,0
2005,Pennsylvania,1,2005,128.89999,568.48199,1
2006,Pennsylvania,1,2005,152.89999,722.216,1
2007,Pennsylvania,1,2005,293.39999,940.03601,1
2008,Pennsylvania,1,2005,363.60001,1459.2,1
2009,Pennsylvania,1,2005,752.09998,2156.7,1
2010,Pennsylvania,1,2005,764.29999,3723.8831,1
2011,Pennsylvania,1,2005,818.89996,3635.218,1
2012,Pennsylvania,1,2005,1393.2001,4321.6099,1
2013,Pennsylvania,1,2005,1397.1,6830.2979,1
2014,Pennsylvania,1,2005,1397.1,7254.2446,1
2015,Pennsylvania,1,2005,1397.1,6833.1318,1
2016,Pennsylvania,1,2005,1431.6,7102.1021,1
2017,Pennsylvania,1,2005,1431.6,7320.3628,1
2018,Pennsylvania,1,2005,1436.1,7258.7842,1
2019,Pennsylvania,1,2005,1546.2001,6666.5659,1
1990,Rhode Island,1,2005,0,0,0
1991,Rhode Island,1,2005,0,0,0
1992,Rhode Island,1,2005,0,0,0
1993,Rhode Island,1,2005,0,0,0
1994,Rhode Island,1,2005,0,0,0
1995,Rhode Island,1,2005,0,0,0
1996,Rhode Island,1,2005,0,0,0
1997,Rhode Island,1,2005,0,0,0
1998,Rhode Island,1,2005,0,0,0
1999,Rhode Island,1,2005,0,0,0
2000,Rhode Island,1,2005,0,0,0
2001,Rhode Island,1,2005,0,0,0
2002,Rhode Island,1,2005,0,0,0
2003,Rhode Island,1,2005,0,0,0
2004,Rhode Island,1,2005,0,0,0
2005,Rhode Island,1,2005,0,0,1
2006,Rhode Island,1,2005,0,0,1
2007,Rhode Island,1,2005,0,0,1
2008,Rhode Island,1,2005,0,0,1
2009,Rhode Island,1,2005,0,0,1
2010,Rhode Island,1,2005,0,6.2480001,1
2011,Rhode Island,1,2005,0,5.8239999,1
2012,Rhode Island,1,2005,6,2.76,1
2013,Rhode Island,1,2005,12.9,9.1932001,1
2014,Rhode Island,1,2005,14.2,39.439999,1
2015,Rhode Island,1,2005,16.200001,48.835999,1
2016,Rhode Island,1,2005,31.200001,82.389999,1
2017,Rhode Island,1,2005,41.200001,325.97,1
2018,Rhode Island,1,2005,54.099998,374.944,1
2019,Rhode Island,1,2005,123,521.81598,1
1990,South Carolina,0,0,0,0,0
1991,South Carolina,0,0,0,0,0
1992,South Carolina,0,0,0,0,0
1993,South Carolina,0,0,0,0,0
1994,South Carolina,0,0,0,0,0
1995,South Carolina,0,0,0,0,0
1996,South Carolina,0,0,0,0,0
1997,South Carolina,0,0,0,0,0
1998,South Carolina,0,0,0,0,0
1999,South Carolina,0,0,0,0,0
2000,South Carolina,0,0,0,0,0
2001,South Carolina,0,0,0,0,0
2002,South Carolina,0,0,0,0,0
2003,South Carolina,0,0,0,0,0
2004,South Carolina,0,0,0,0,0
2005,South Carolina,0,0,0,0,0
2006,South Carolina,0,0,0,0,0
2007,South Carolina,0,0,0,0,0
2008,South Carolina,0,0,0,0,0
2009,South Carolina,0,0,0,0,0
2010,South Carolina,0,0,0,0,0
2011,South Carolina,0,0,0,0,0
2012,South Carolina,0,0,0,0,0
2013,South Carolina,0,0,2.5,.23,0
2014,South Carolina,0,0,2.5,9.5699997,0
2015,South Carolina,0,0,2.5,8.4399996,0
2016,South Carolina,0,0,19.299999,9.9420004,0
2017,South Carolina,0,0,255.60001,159.04401,0
2018,South Carolina,0,0,353,1020.988,0
2019,South Carolina,0,0,658,1717.092,0
1990,South Dakota,0,0,0,0,0
1991,South Dakota,0,0,0,0,0
1992,South Dakota,0,0,0,0,0
1993,South Dakota,0,0,0,0,0
1994,South Dakota,0,0,0,0,0
1995,South Dakota,0,0,0,0,0
1996,South Dakota,0,0,0,0,0
1997,South Dakota,0,0,0,0,0
1998,South Dakota,0,0,0,0,0
1999,South Dakota,0,0,0,0,0
2000,South Dakota,0,0,0,0,0
2001,South Dakota,0,0,2.5999999,1.742,0
2002,South Dakota,0,0,2.5999999,12.086,0
2003,South Dakota,0,0,43.099998,88.498001,0
2004,South Dakota,0,0,43.099998,315.35599,0
2005,South Dakota,0,0,43.099998,316.20801,0
2006,South Dakota,0,0,43.099998,297.92999,0
2007,South Dakota,0,0,43.099998,300.03601,0
2008,South Dakota,0,0,43.099998,290.272,0
2009,South Dakota,0,0,169.5,841.96198,0
2010,South Dakota,0,0,478.5,2743.5,0
2011,South Dakota,0,0,640.5,5336.6001,0
2012,South Dakota,0,0,640.5,4707.7139,0
2013,South Dakota,0,0,640.5,5375.3979,0
2014,South Dakota,0,0,660,4672.5859,0
2015,South Dakota,0,0,837.79999,4995.0259,0
2016,South Dakota,0,0,838.79999,7429.2461,0
2017,South Dakota,0,0,838.79999,5920.7158,0
2018,South Dakota,0,0,878.79999,5673.3481,0
2019,South Dakota,0,0,1375.6,5582.3159,0
1990,Tennessee,0,0,0,0,0
1991,Tennessee,0,0,0,0,0
1992,Tennessee,0,0,0,0,0
1993,Tennessee,0,0,0,0,0
1994,Tennessee,0,0,0,0,0
1995,Tennessee,0,0,0,0,0
1996,Tennessee,0,0,0,0,0
1997,Tennessee,0,0,0,0,0
1998,Tennessee,0,0,0,0,0
1999,Tennessee,0,0,0,0,0
2000,Tennessee,0,0,1.8,0,0
2001,Tennessee,0,0,1.8,0,0
2002,Tennessee,0,0,1.8,8.1359997,0
2003,Tennessee,0,0,1.8,7.8660002,0
2004,Tennessee,0,0,28.799999,7.6259999,0
2005,Tennessee,0,0,28.799999,6.678,0
2006,Tennessee,0,0,28.799999,109.196,0
2007,Tennessee,0,0,28.799999,99.874001,0
2008,Tennessee,0,0,28.799999,100.234,0
2009,Tennessee,0,0,28.799999,103.494,0
2010,Tennessee,0,0,28.799999,81.139999,0
2011,Tennessee,0,0,29.799999,106.286,0
2012,Tennessee,0,0,43.599998,119.35,0
2013,Tennessee,0,0,44.699997,134.278,0
2014,Tennessee,0,0,76.300003,157.242,0
2015,Tennessee,0,0,76.300003,243.976,0
2016,Tennessee,0,0,101.39999,232.728,0
2017,Tennessee,0,0,120.39999,271.33801,0
2018,Tennessee,0,0,209.40001,417.20599,0
2019,Tennessee,0,0,212.3,728.59998,0
1990,Texas,1,2000,.30000001,.76999998,0
1991,Texas,1,2000,.30000001,.74199998,0
1992,Texas,1,2000,.30000001,.73799998,0
1993,Texas,1,2000,.30000001,.73199999,0
1994,Texas,1,2000,.30000001,.58600003,0
1995,Texas,1,2000,.30000001,.50599998,0
1996,Texas,1,2000,.30000001,165.664,0
1997,Texas,1,2000,.30000001,162.532,0
1998,Texas,1,2000,34.599998,160.34,0
1999,Texas,1,2000,109.60001,640.09198,0
2000,Texas,1,2000,109.60001,984.37402,1
2001,Texas,1,2000,863.39996,2375.02,1
2002,Texas,1,2000,1030.8,5312.208,1
2003,Texas,1,2000,1231.3,5139.7061,1
2004,Texas,1,2000,1231.3,6275.3799,1
2005,Texas,1,2000,1792.1,8474.418,1
2006,Texas,1,2000,2653.3999,13341.03,1
2007,Texas,1,2000,4405.7002,18012.766,1
2008,Texas,1,2000,7469.2002,32450.045,1
2009,Texas,1,2000,9482.5996,40052.207,1
2010,Texas,1,2000,10075.101,52519.234,1
2011,Texas,1,2000,10567.5,61153.453,1
2012,Texas,1,2000,12203.101,64664.875,1
2013,Texas,1,2000,12403.8,72073.266,1
2014,Texas,1,2000,14449.3,80574.953,1
2015,Texas,1,2000,18007.4,90468.242,1
2016,Texas,1,2000,20788.701,116523.19,1
2017,Texas,1,2000,23555.5,138500.25,1
2018,Texas,1,2000,26152,157812.16,1
2019,Texas,1,2000,30590.898,175970.98,1
1990,Utah,0,0,0,0,0
1991,Utah,0,0,0,0,0
1992,Utah,0,0,0,0,0
1993,Utah,0,0,0,0,0
1994,Utah,0,0,0,0,0
1995,Utah,0,0,0,0,0
1996,Utah,0,0,0,0,0
1997,Utah,0,0,0,0,0
1998,Utah,0,0,0,0,0
1999,Utah,0,0,0,0,0
2000,Utah,0,0,0,0,0
2001,Utah,0,0,0,0,0
2002,Utah,0,0,0,0,0
2003,Utah,0,0,0,0,0
2004,Utah,0,0,0,0,0
2005,Utah,0,0,0,0,0
2006,Utah,0,0,0,0,0
2007,Utah,0,0,0,0,0
2008,Utah,0,0,18.9,47.799999,0
2009,Utah,0,0,222.39999,319.07401,0
2010,Utah,0,0,222.39999,895.35999,0
2011,Utah,0,0,324.39999,1145.58,0
2012,Utah,0,0,325.69998,1411.0601,0
2013,Utah,0,0,325.69998,1083.812,0
2014,Utah,0,0,325.69998,1324.3719,0
2015,Utah,0,0,490.79999,1315.552,0
2016,Utah,0,0,1244,3751.886,0
2017,Utah,0,0,1245.3,6138.7139,0
2018,Utah,0,0,1247.3,6036.522,0
2019,Utah,0,0,1304.9,6010.2158,0
1990,Vermont,1,2016,0,0,0
1991,Vermont,1,2016,0,0,0
1992,Vermont,1,2016,0,0,0
1993,Vermont,1,2016,0,0,0
1994,Vermont,1,2016,0,0,0
1995,Vermont,1,2016,0,0,0
1996,Vermont,1,2016,0,0,0
1997,Vermont,1,2016,6,0,0
1998,Vermont,1,2016,6,0,0
1999,Vermont,1,2016,6,27.208,0
2000,Vermont,1,2016,6,24.497999,0
2001,Vermont,1,2016,6,24.266001,0
2002,Vermont,1,2016,6,20.743999,0
2003,Vermont,1,2016,6,21.658001,0
2004,Vermont,1,2016,6,22.728001,0
2005,Vermont,1,2016,6,22.972,0
2006,Vermont,1,2016,6,21.375999,0
2007,Vermont,1,2016,6,21.021999,0
2008,Vermont,1,2016,6,20.469999,0
2009,Vermont,1,2016,6,23.177999,0
2010,Vermont,1,2016,6,27.784,0
2011,Vermont,1,2016,49.5,70,0
2012,Vermont,1,2016,130.3,223.922,0
2013,Vermont,1,2016,138.8,506.65399,0
2014,Vermont,1,2016,157,669.69196,0
2015,Vermont,1,2016,159,746.77399,0
2016,Vermont,1,2016,188.60001,700.42603,1
2017,Vermont,1,2016,227.10001,808.414,1
2018,Vermont,1,2016,255.89999,960.172,1
2019,Vermont,1,2016,272.60001,1049.53,1
1990,Virginia,0,0,0,.068000004,0
1991,Virginia,0,0,0,.066,0
1992,Virginia,0,0,0,.022,0
1993,Virginia,0,0,0,.016000001,0
1994,Virginia,0,0,0,.022,0
1995,Virginia,0,0,0,.0060000001,0
1996,Virginia,0,0,0,0,0
1997,Virginia,0,0,0,0,0
1998,Virginia,0,0,0,0,0
1999,Virginia,0,0,0,0,0
2000,Virginia,0,0,0,0,0
2001,Virginia,0,0,0,0,0
2002,Virginia,0,0,0,0,0
2003,Virginia,0,0,0,0,0
2004,Virginia,0,0,0,0,0
2005,Virginia,0,0,0,0,0
2006,Virginia,0,0,0,0,0
2007,Virginia,0,0,0,0,0
2008,Virginia,0,0,0,0,0
2009,Virginia,0,0,0,0,0
2010,Virginia,0,0,0,0,0
2011,Virginia,0,0,0,0,0
2012,Virginia,0,0,0,0,0
2013,Virginia,0,0,0,0,0
2014,Virginia,0,0,0,0,0
2015,Virginia,0,0,0,0,0
2016,Virginia,0,0,139,41.816002,0
2017,Virginia,0,0,424,626.44202,0
2018,Virginia,0,0,462,1526.144,0
2019,Virginia,0,0,625.59998,1898.222,0
1990,Washington,1,2007,0,0,0
1991,Washington,1,2007,0,0,0
1992,Washington,1,2007,0,0,0
1993,Washington,1,2007,0,0,0
1994,Washington,1,2007,0,0,0
1995,Washington,1,2007,0,0,0
1996,Washington,1,2007,0,0,0
1997,Washington,1,2007,0,0,0
1998,Washington,1,2007,0,0,0
1999,Washington,1,2007,0,0,0
2000,Washington,1,2007,0,0,0
2001,Washington,1,2007,176.89999,0,0
2002,Washington,1,2007,272.79999,833.16199,0
2003,Washington,1,2007,272.79999,1207.348,0
2004,Washington,1,2007,272.79999,1473.152,0
2005,Washington,1,2007,422.20001,996.94,0
2006,Washington,1,2007,849.79999,2075.302,0
2007,Washington,1,2007,1194.7,4875.646,1
2008,Washington,1,2007,1375.5,7314.9678,1
2009,Washington,1,2007,1916.9,7144.9722,1
2010,Washington,1,2007,2163.6001,9489.3584,1
2011,Washington,1,2007,2364.8,12526.44,1
2012,Washington,1,2007,2817.1001,13201.12,1
2013,Washington,1,2007,2817.1001,14010.254,1
2014,Washington,1,2007,3083.8999,14537.046,1
2015,Washington,1,2007,3083.8999,14152.35,1
2016,Washington,1,2007,3083.8999,16085.148,1
2017,Washington,1,2007,3083.8999,13851.272,1
2018,Washington,1,2007,3103.0999,15803.578,1
2019,Washington,1,2007,3103.0999,13441.978,1
1990,West Virginia,0,0,0,0,0
1991,West Virginia,0,0,0,0,0
1992,West Virginia,0,0,0,0,0
1993,West Virginia,0,0,0,0,0
1994,West Virginia,0,0,0,0,0
1995,West Virginia,0,0,0,0,0
1996,West Virginia,0,0,0,0,0
1997,West Virginia,0,0,0,0,0
1998,West Virginia,0,0,0,0,0
1999,West Virginia,0,0,0,0,0
2000,West Virginia,0,0,0,0,0
2001,West Virginia,0,0,0,0,0
2002,West Virginia,0,0,66,18.046,0
2003,West Virginia,0,0,66,339.52399,0
2004,West Virginia,0,0,66,322.38199,0
2005,West Virginia,0,0,66,307.784,0
2006,West Virginia,0,0,66,347.51401,0
2007,West Virginia,0,0,66,335.17599,0
2008,West Virginia,0,0,330,783.82001,0
2009,West Virginia,0,0,330,1484.8781,0
2010,West Virginia,0,0,430.5,1878.344,0
2011,West Virginia,0,0,583.29999,2205.0244,0
2012,West Virginia,0,0,583.29999,2572.0481,0
2013,West Virginia,0,0,583.29999,2773.032,0
2014,West Virginia,0,0,583.29999,2902.7661,0
2015,West Virginia,0,0,583.29999,2752.4641,0
2016,West Virginia,0,0,686.29999,2864.3081,0
2017,West Virginia,0,0,686.29999,3364.6819,0
2018,West Virginia,0,0,686.29999,3539.968,0
2019,West Virginia,0,0,686.29999,3262.196,0
1990,Wisconsin,1,2000,0,.088,0
1991,Wisconsin,1,2000,0,.012,0
1992,Wisconsin,1,2000,0,0,0
1993,Wisconsin,1,2000,0,0,0
1994,Wisconsin,1,2000,0,0,0
1995,Wisconsin,1,2000,0,0,0
1996,Wisconsin,1,2000,0,0,0
1997,Wisconsin,1,2000,0,0,0
1998,Wisconsin,1,2000,1.2,0,0
1999,Wisconsin,1,2000,22.799999,0,0
2000,Wisconsin,1,2000,22.799999,5.4559999,1
2001,Wisconsin,1,2000,22.799999,144.56799,1
2002,Wisconsin,1,2000,52.799999,92.360001,1
2003,Wisconsin,1,2000,52.799999,195.16,1
2004,Wisconsin,1,2000,52.799999,207.12601,1
2005,Wisconsin,1,2000,52.799999,185.088,1
2006,Wisconsin,1,2000,52.799999,202.752,1
2007,Wisconsin,1,2000,52.799999,218.56599,1
2008,Wisconsin,1,2000,364.70001,974.28198,1
2009,Wisconsin,1,2000,448.70001,2103.9299,1
2010,Wisconsin,1,2000,468.70001,2176.928,1
2011,Wisconsin,1,2000,632.5,2375.46,1
2012,Wisconsin,1,2000,650.39996,3115.156,1
2013,Wisconsin,1,2000,650.20001,3115.8479,1
2014,Wisconsin,1,2000,650.20001,3238.3899,1
2015,Wisconsin,1,2000,650.20001,3181.5959,1
2016,Wisconsin,1,2000,652.30005,3035.864,1
2017,Wisconsin,1,2000,765.60004,3324.304,1
2018,Wisconsin,1,2000,769.30005,3354.6799,1
2019,Wisconsin,1,2000,776.60004,3831.4021,1
1990,Wyoming,0,0,0,0,0
1991,Wyoming,0,0,0,0,0
1992,Wyoming,0,0,0,0,0
1993,Wyoming,0,0,0,0,0
1994,Wyoming,0,0,0,0,0
1995,Wyoming,0,0,0,0,0
1996,Wyoming,0,0,0,0,0
1997,Wyoming,0,0,0,0,0
1998,Wyoming,0,0,.1,4.0900002,0
1999,Wyoming,0,0,68.099998,22.299999,0
2000,Wyoming,0,0,91.099998,491.82199,0
2001,Wyoming,0,0,141.10001,730.31799,0
2002,Wyoming,0,0,141.10001,894.65997,0
2003,Wyoming,0,0,285.10001,732.95599,0
2004,Wyoming,0,0,285.10001,1233.03,0
2005,Wyoming,0,0,287.60001,1434.528,0
2006,Wyoming,0,0,287.5,1518.1219,0
2007,Wyoming,0,0,287.5,1509.762,0
2008,Wyoming,0,0,723.70001,1925.084,0
2009,Wyoming,0,0,1200.8,4452.4102,0
2010,Wyoming,0,0,1511.8,6493.5859,0
2011,Wyoming,0,0,1511.8,9223.7363,0
2012,Wyoming,0,0,1509.3,8738.2139,0
2013,Wyoming,0,0,1509.3,8866.5684,0
2014,Wyoming,0,0,1509.3,8811.5137,0
2015,Wyoming,0,0,1509.3,7513.416,0
2016,Wyoming,0,0,1589.3,8778.6758,0
2017,Wyoming,0,0,1589.3,8641.3096,0
2018,Wyoming,0,0,1681.3,8115.9639,0
2019,Wyoming,0,0,1681.3,8685.9121,0
